{
  "dayMap": {
    "0": "Monday", 
    "1": "Tuesday", 
    "2": "Wednesday", 
    "3": "Thursday", 
    "4": "Friday", 
    "6": "Saturday", 
    "7": "Sunday"
  }, 
  "days": [
    "0", 
    "0", 
    "1", 
    "1", 
    "1", 
    "1", 
    "1", 
    "1"
  ], 
  "distanceMatrix": {
    "1": {
      "1": 1, 
      "2": 2.02833333333333, 
      "3": 5.76, 
      "4": 10.2066666666667, 
      "5": 2.55666666666667, 
      "6": 13.99, 
      "7": 13.425, 
      "8": 10.775, 
      "destination": 11.8183333333333, 
      "origin": 12.2116666666667
    }, 
    "2": {
      "1": 2.02833333333333, 
      "2": 1, 
      "3": 5.84166666666667, 
      "4": 10.5383333333333, 
      "5": 3.1, 
      "6": 14.3216666666667, 
      "7": 13.5766666666667, 
      "8": 10.9266666666667, 
      "destination": 12.6933333333333, 
      "origin": 13.0866666666667
    }, 
    "3": {
      "1": 5.76, 
      "2": 5.84166666666667, 
      "3": 1, 
      "4": 14.12, 
      "5": 6.99333333333333, 
      "6": 17.9033333333333, 
      "7": 13.74, 
      "8": 11.09, 
      "destination": 15.93, 
      "origin": 16.3233333333333
    }, 
    "4": {
      "1": 10.2066666666667, 
      "2": 10.5383333333333, 
      "3": 14.12, 
      "4": 1, 
      "5": 11.53, 
      "6": 7.59, 
      "7": 21.785, 
      "8": 19.135, 
      "destination": 20.2966666666667, 
      "origin": 20.69
    }, 
    "5": {
      "1": 2.55666666666667, 
      "2": 3.1, 
      "3": 6.99333333333333, 
      "4": 11.53, 
      "5": 1, 
      "6": 15.3133333333333, 
      "7": 14.7283333333333, 
      "8": 12.0783333333333, 
      "destination": 12.6966666666667, 
      "origin": 13.09
    }, 
    "6": {
      "1": 13.99, 
      "2": 14.3216666666667, 
      "3": 17.9033333333333, 
      "4": 7.59, 
      "5": 15.3133333333333, 
      "6": 1, 
      "7": 25.5683333333333, 
      "8": 22.9183333333333, 
      "destination": 23.545, 
      "origin": 23.9383333333333
    }, 
    "7": {
      "1": 13.425, 
      "2": 13.5766666666667, 
      "3": 13.74, 
      "4": 21.785, 
      "5": 14.7283333333333, 
      "6": 25.5683333333333, 
      "7": 1, 
      "8": 5.075, 
      "destination": 18.56, 
      "origin": 19.0466666666667
    }, 
    "8": {
      "1": 10.775, 
      "2": 10.9266666666667, 
      "3": 11.09, 
      "4": 19.135, 
      "5": 12.0783333333333, 
      "6": 22.9183333333333, 
      "7": 5.075, 
      "8": 1, 
      "destination": 15.9066666666667, 
      "origin": 16.3933333333333
    }, 
    "destination": {
      "1": 11.8183333333333, 
      "2": 12.6933333333333, 
      "3": 15.93, 
      "4": 20.2966666666667, 
      "5": 12.6966666666667, 
      "6": 23.545, 
      "7": 18.56, 
      "8": 15.9066666666667, 
      "destination": 1, 
      "origin": 0.646666666666667
    }, 
    "origin": {
      "1": 12.2116666666667, 
      "2": 13.0866666666667, 
      "3": 16.3233333333333, 
      "4": 20.69, 
      "5": 13.09, 
      "6": 23.9383333333333, 
      "7": 19.0466666666667, 
      "8": 16.3933333333333, 
      "destination": 0.646666666666667, 
      "origin": 1
    }
  }, 
  "orderedActivities": {
    "0": [], 
    "1": [], 
    "2": [], 
    "3": [], 
    "4": [], 
    "6": [], 
    "7": []
  }, 
  "scheduleEnd": {
    "activityType": null, 
    "address": "4001 Pelee St", 
    "caseName": null, 
    "city": "Orlando", 
    "completed": null, 
    "coordinates": [
      28.59739, 
      -81.25401
    ], 
    "expectedDuration": null, 
    "id": null, 
    "state": "FL", 
    "zipCode": "32817"
  }, 
  "scheduleStart": {
    "activityType": null, 
    "address": "4001 Pelee St", 
    "caseName": null, 
    "city": "Orlando", 
    "completed": null, 
    "coordinates": [
      28.59774, 
      -81.25339
    ], 
    "expectedDuration": null, 
    "id": null, 
    "state": "FL", 
    "zipCode": "32817"
  }, 
  "userId": "testid"
}
